"model","recall_at_10","map_at_10","ndcg_at_10"
"POPULAR",0.046250404468121,0.321861607142857,0.734906565003546
"MF",0.00282833425825093,0.128484848484848,0.584089185306294
"KNN (IBCF)",0.000680952882286067,0.062010582010582,0.538391864733422
